ID,parent_id,url
593732bd-33ab-fd74-bd04-5bc7f5ffef08,3d4ccfca-57e9-8e32-7cf6-d26ac8424ffb,https://i.dummyjson.com/data/products/1/1.jpg
1882660e-fa82-5b3a-21ec-9ecfe751372a,3d4ccfca-57e9-8e32-7cf6-d26ac8424ffb,https://i.dummyjson.com/data/products/1/2.jpg
bcbf46d6-5c22-0d95-1161-e4d03d2dbb0a,3d4ccfca-57e9-8e32-7cf6-d26ac8424ffb,https://i.dummyjson.com/data/products/1/3.jpg
77c847b1-f739-551a-49f4-6fd2620721a1,3d4ccfca-57e9-8e32-7cf6-d26ac8424ffb,https://i.dummyjson.com/data/products/1/4.jpg
af188cd2-de8b-af68-70de-93c54bd9d8c2,3d4ccfca-57e9-8e32-7cf6-d26ac8424ffb,https://i.dummyjson.com/data/products/1/thumbnail.jpg
f881d3a8-c67a-04f8-4676-8bc1f31e92b5,eade3e53-001e-2f38-5c84-89e3d91bb165,https://i.dummyjson.com/data/products/2/1.jpg
bd5da3d0-a795-d27e-ed0d-ceff4433ed9d,eade3e53-001e-2f38-5c84-89e3d91bb165,https://i.dummyjson.com/data/products/2/2.jpg
ca9ee3d5-4d38-0dd6-f94d-e38e48afd3f1,eade3e53-001e-2f38-5c84-89e3d91bb165,https://i.dummyjson.com/data/products/2/3.jpg
675a79e8-1b77-d991-261e-a2d6335bb15b,eade3e53-001e-2f38-5c84-89e3d91bb165,https://i.dummyjson.com/data/products/2/thumbnail.jpg
680f44b9-7fa2-f5a2-ff9a-9714928302e3,2406b596-b09f-f965-6c56-21e0ecf1ad37,https://i.dummyjson.com/data/products/3/1.jpg
af21cccb-cb2a-f53f-28d1-96e714559550,9c07daf6-7d3e-d663-404b-342aaeb78a31,https://i.dummyjson.com/data/products/4/1.jpg
e2f7c870-edc4-33a4-e28f-82cb757f1d92,9c07daf6-7d3e-d663-404b-342aaeb78a31,https://i.dummyjson.com/data/products/4/2.jpg
ff9e5d0b-e466-03b0-05a9-7232f0727391,9c07daf6-7d3e-d663-404b-342aaeb78a31,https://i.dummyjson.com/data/products/4/3.jpg
c674c0d2-55ba-e8e4-66bd-a6fdaa237a8f,9c07daf6-7d3e-d663-404b-342aaeb78a31,https://i.dummyjson.com/data/products/4/4.jpg
bcc37294-bf22-fd63-2df5-29b9b5004b9c,9c07daf6-7d3e-d663-404b-342aaeb78a31,https://i.dummyjson.com/data/products/4/thumbnail.jpg
9ead1f92-39c9-b177-9642-10eaabbdbfc2,154de99b-21d2-09b6-04b0-8158356ac1e3,https://i.dummyjson.com/data/products/5/1.jpg
37a619e2-24a6-d5b2-9483-e474d29832b4,154de99b-21d2-09b6-04b0-8158356ac1e3,https://i.dummyjson.com/data/products/5/2.jpg
5ae901c0-f475-b5bb-0c63-30869050c6e3,154de99b-21d2-09b6-04b0-8158356ac1e3,https://i.dummyjson.com/data/products/5/3.jpg
d1820454-713a-5aef-8f08-6de02f6884b3,ea46d5b7-5c7a-08bf-fb44-efbbe629f99f,https://i.dummyjson.com/data/products/6/1.png
13edaa9c-3b12-d4f7-04aa-452f08006e26,ea46d5b7-5c7a-08bf-fb44-efbbe629f99f,https://i.dummyjson.com/data/products/6/2.jpg
9478e275-eb72-bafa-0474-464111455860,ea46d5b7-5c7a-08bf-fb44-efbbe629f99f,https://i.dummyjson.com/data/products/6/3.png
a5f8375f-94aa-094b-4bae-207c46e77392,ea46d5b7-5c7a-08bf-fb44-efbbe629f99f,https://i.dummyjson.com/data/products/6/4.jpg
a0e09839-39f8-4c06-4492-d30801599a34,43b1ca01-de02-c68e-aca6-223c4343e322,https://i.dummyjson.com/data/products/7/1.jpg
34950d85-6d88-1a0a-ae66-9e89a5e00c04,43b1ca01-de02-c68e-aca6-223c4343e322,https://i.dummyjson.com/data/products/7/2.jpg
8805eecc-fa51-5200-8f4d-9db295bd51e4,43b1ca01-de02-c68e-aca6-223c4343e322,https://i.dummyjson.com/data/products/7/3.jpg
abed31b1-ca42-3288-259d-72f32c426488,43b1ca01-de02-c68e-aca6-223c4343e322,https://i.dummyjson.com/data/products/7/thumbnail.jpg
5e6db8a6-b8b1-b1ce-a28b-067851b90e14,85af6bde-c893-d772-aa74-6f8274162816,https://i.dummyjson.com/data/products/8/1.jpg
20207af5-af16-46ed-1f3c-6ea7b21b07ff,85af6bde-c893-d772-aa74-6f8274162816,https://i.dummyjson.com/data/products/8/2.jpg
da19546c-4b79-f948-9744-c1aa19c80d69,85af6bde-c893-d772-aa74-6f8274162816,https://i.dummyjson.com/data/products/8/3.jpg
9aa32a7e-c9c0-4f5e-ce33-9386fd14fe1d,85af6bde-c893-d772-aa74-6f8274162816,https://i.dummyjson.com/data/products/8/4.jpg
9ed62cdc-9f22-7ead-4561-4b135d1c5375,85af6bde-c893-d772-aa74-6f8274162816,https://i.dummyjson.com/data/products/8/thumbnail.jpg
6fb08d72-f196-02fa-c380-bbb7eaf255b3,8a4c02f6-2ac3-e23e-3790-cda43583c825,https://i.dummyjson.com/data/products/9/1.jpg
d6c45c99-5e43-12d9-5651-1fe353610481,8a4c02f6-2ac3-e23e-3790-cda43583c825,https://i.dummyjson.com/data/products/9/2.png
9ad4d502-5efe-89c3-30a0-0c46e75cd9fa,8a4c02f6-2ac3-e23e-3790-cda43583c825,https://i.dummyjson.com/data/products/9/3.png
e04c0f24-e99f-466e-1d85-7bce08c1b848,8a4c02f6-2ac3-e23e-3790-cda43583c825,https://i.dummyjson.com/data/products/9/4.jpg
1cea6d3e-8451-8381-2e49-f8d9afe2fab1,8a4c02f6-2ac3-e23e-3790-cda43583c825,https://i.dummyjson.com/data/products/9/thumbnail.jpg
e483afb4-e820-657f-cdb6-1962d1d36d2e,81d18129-ce79-aa89-7260-50a3c744b79b,https://i.dummyjson.com/data/products/10/1.jpg
0a353052-a0e0-1d82-f4fe-9fb66adfb6c2,81d18129-ce79-aa89-7260-50a3c744b79b,https://i.dummyjson.com/data/products/10/2.jpg
4f0c719f-0eb8-a5b5-c1b4-70ce2170004f,81d18129-ce79-aa89-7260-50a3c744b79b,https://i.dummyjson.com/data/products/10/3.jpg
34adc8e8-a874-2e33-5940-003ecd5fb0bc,81d18129-ce79-aa89-7260-50a3c744b79b,https://i.dummyjson.com/data/products/10/thumbnail.jpeg
a3371476-285d-5174-f50d-06188d752c00,ba081df7-e625-0ab3-13a8-9b7707acf47c,https://i.dummyjson.com/data/products/11/1.jpg
c236ff1b-7811-d9a8-392f-57ad5bde1ebc,ba081df7-e625-0ab3-13a8-9b7707acf47c,https://i.dummyjson.com/data/products/11/2.jpg
46265a75-c223-a428-0aa4-f2e9d7608e1a,ba081df7-e625-0ab3-13a8-9b7707acf47c,https://i.dummyjson.com/data/products/11/3.jpg
7ad798e9-46b1-44db-4238-b8b023c06172,ba081df7-e625-0ab3-13a8-9b7707acf47c,https://i.dummyjson.com/data/products/11/thumbnail.jpg
803f6c38-24a8-528c-0f54-e758af46d5e9,ecc1c17a-a12c-4bd7-ee9f-be03b8fef010,https://i.dummyjson.com/data/products/12/1.jpg
60b68069-8a58-6e77-6266-850b2354b1e5,ecc1c17a-a12c-4bd7-ee9f-be03b8fef010,https://i.dummyjson.com/data/products/12/2.jpg
dae9f0ab-172d-eb38-9a4d-d59abb4ae0a8,ecc1c17a-a12c-4bd7-ee9f-be03b8fef010,https://i.dummyjson.com/data/products/12/3.png
6ab3e068-f1fc-4ec9-5b11-cf70e8b80333,ecc1c17a-a12c-4bd7-ee9f-be03b8fef010,https://i.dummyjson.com/data/products/12/4.jpg
ce4bb0d9-6581-ca6d-62bc-94e6cffd6497,ecc1c17a-a12c-4bd7-ee9f-be03b8fef010,https://i.dummyjson.com/data/products/12/thumbnail.jpg
1c5051ca-14a4-bc2c-f040-799552528bb3,9372dbce-efe6-5042-a703-c358c0e58673,https://i.dummyjson.com/data/products/13/1.jpg
cf05015b-1908-ebd2-581c-e1bcba272c71,9372dbce-efe6-5042-a703-c358c0e58673,https://i.dummyjson.com/data/products/13/2.png
b283f0c9-03dd-3932-9298-a14bb9c873bb,9372dbce-efe6-5042-a703-c358c0e58673,https://i.dummyjson.com/data/products/13/3.jpg
99cdf532-2da9-2d22-fc47-d39f162fb7a8,9372dbce-efe6-5042-a703-c358c0e58673,https://i.dummyjson.com/data/products/13/4.jpg
c71440a3-8c55-5c0c-41ad-05dcd94db838,9372dbce-efe6-5042-a703-c358c0e58673,https://i.dummyjson.com/data/products/13/thumbnail.webp
aad0332b-c2d1-183e-5b8d-26283b3e296f,9b37bd3f-366f-4a26-0821-4da6907c71cc,https://i.dummyjson.com/data/products/14/1.jpg
7e023e63-9670-30c1-3094-6bc521f4378d,9b37bd3f-366f-4a26-0821-4da6907c71cc,https://i.dummyjson.com/data/products/14/2.jpg
853effe5-d3c7-be65-2be1-aa1d36b76d3d,9b37bd3f-366f-4a26-0821-4da6907c71cc,https://i.dummyjson.com/data/products/14/3.jpg
8e436985-694a-378e-ca77-4c48886796fe,9b37bd3f-366f-4a26-0821-4da6907c71cc,https://i.dummyjson.com/data/products/14/thumbnail.jpg
f89d7713-6574-2d28-3bb1-27b1baa5f3d4,b5904c54-575e-1018-7ba1-6e4bb4cccbfb,https://i.dummyjson.com/data/products/15/1.jpg
92a727fa-2ccb-2114-a4c4-52434b51d269,b5904c54-575e-1018-7ba1-6e4bb4cccbfb,https://i.dummyjson.com/data/products/15/2.jpg
9f0d63a4-e8b2-966e-1b19-63f96da02491,b5904c54-575e-1018-7ba1-6e4bb4cccbfb,https://i.dummyjson.com/data/products/15/3.jpg
22b05c2f-0968-bd71-ecb7-645dde0aa2bc,b5904c54-575e-1018-7ba1-6e4bb4cccbfb,https://i.dummyjson.com/data/products/15/4.jpg
88461105-4054-ab17-5afd-a20c016424c9,b5904c54-575e-1018-7ba1-6e4bb4cccbfb,https://i.dummyjson.com/data/products/15/thumbnail.jpg
a1316fdb-981a-12bb-0e7c-103526ebda0e,750aa47f-1b25-b355-0329-f034a6a37e39,https://i.dummyjson.com/data/products/16/1.png
a1e11f54-235b-caaa-22ed-c27f992f5f13,750aa47f-1b25-b355-0329-f034a6a37e39,https://i.dummyjson.com/data/products/16/2.webp
c7a8ba43-43c9-f59f-169c-9825ee45cd18,750aa47f-1b25-b355-0329-f034a6a37e39,https://i.dummyjson.com/data/products/16/3.jpg
11cec9f3-abb9-5d1b-8034-5fe6c02cb258,750aa47f-1b25-b355-0329-f034a6a37e39,https://i.dummyjson.com/data/products/16/4.jpg
e6fbf33e-90f0-ae7f-7bb5-b0355be4c45c,750aa47f-1b25-b355-0329-f034a6a37e39,https://i.dummyjson.com/data/products/16/thumbnail.jpg
dd361e7f-5457-32fd-209a-c870ce6a3150,c4f1bf10-237e-4f1f-0e23-68a15c21e402,https://i.dummyjson.com/data/products/17/1.jpg
aabb1b5e-accf-f7a2-9979-c96a16081362,c4f1bf10-237e-4f1f-0e23-68a15c21e402,https://i.dummyjson.com/data/products/17/2.jpg
37620f7b-93dd-c70a-fddc-52238f6cbe56,c4f1bf10-237e-4f1f-0e23-68a15c21e402,https://i.dummyjson.com/data/products/17/3.jpg
74c71d91-cf14-6247-b5d1-a2ece6f2d538,c4f1bf10-237e-4f1f-0e23-68a15c21e402,https://i.dummyjson.com/data/products/17/thumbnail.jpg
1c66d92a-5073-c28f-1058-22ee83c58118,bd1d805b-4873-8d92-d3ca-b06dec8cb894,https://i.dummyjson.com/data/products/18/1.jpg
d38e00fe-0333-47a7-764f-49a18a63179e,bd1d805b-4873-8d92-d3ca-b06dec8cb894,https://i.dummyjson.com/data/products/18/2.jpg
0bfa6322-206f-23c3-9c76-f2ef14fb8f99,bd1d805b-4873-8d92-d3ca-b06dec8cb894,https://i.dummyjson.com/data/products/18/3.jpg
d1e4edf9-c4bc-1ccc-3049-6d5049b7df5a,bd1d805b-4873-8d92-d3ca-b06dec8cb894,https://i.dummyjson.com/data/products/18/4.jpg
b00663e3-3bc3-18b6-a665-74cd2a2b546a,bd1d805b-4873-8d92-d3ca-b06dec8cb894,https://i.dummyjson.com/data/products/18/thumbnail.jpg
73e272d8-76b2-7311-999a-65ed82bd4ea3,6287a9fe-4e68-3c6e-281d-e144713d4945,https://i.dummyjson.com/data/products/19/1.jpg
a4122523-a8ed-314b-c34d-ddf9dcd62938,6287a9fe-4e68-3c6e-281d-e144713d4945,https://i.dummyjson.com/data/products/19/2.jpg
33e0203f-2987-d22a-06b4-4595dde00dee,6287a9fe-4e68-3c6e-281d-e144713d4945,https://i.dummyjson.com/data/products/19/3.png
0e9fc862-064d-cdc0-3a1f-7e32f6aafd78,6287a9fe-4e68-3c6e-281d-e144713d4945,https://i.dummyjson.com/data/products/19/thumbnail.jpg
e78a37b2-dd72-f3b7-fcaf-e365cf75d075,328ac6e5-94fc-c87a-981b-171ebefd846a,https://i.dummyjson.com/data/products/20/1.jpg
ae455bdf-7be6-94c9-7b6c-57505a182de3,328ac6e5-94fc-c87a-981b-171ebefd846a,https://i.dummyjson.com/data/products/20/2.jpg
8609a238-308e-adbe-6ac5-27309949ca58,328ac6e5-94fc-c87a-981b-171ebefd846a,https://i.dummyjson.com/data/products/20/3.jpg
e64b397a-649e-e447-24e6-92ca52169c6e,328ac6e5-94fc-c87a-981b-171ebefd846a,https://i.dummyjson.com/data/products/20/4.jpg
52b7e20d-8a39-f0ea-d1c3-f779ff1448ef,328ac6e5-94fc-c87a-981b-171ebefd846a,https://i.dummyjson.com/data/products/20/thumbnail.jpg
9c10e642-1280-392a-5ef5-3a2c8ca2e652,257e56d5-da43-95b8-83be-17923785ddd6,https://i.dummyjson.com/data/products/21/1.png
0e1b4a6f-50cb-038d-0a55-c74c586474d6,257e56d5-da43-95b8-83be-17923785ddd6,https://i.dummyjson.com/data/products/21/2.jpg
5eca67f3-a400-ad45-1395-49137f674939,257e56d5-da43-95b8-83be-17923785ddd6,https://i.dummyjson.com/data/products/21/3.jpg
c0dab5fa-262d-5da6-a383-9e8bccf28a4e,4b43e320-319d-c2c3-cd82-d62d98b29b7b,https://i.dummyjson.com/data/products/22/1.jpg
11dd00dc-0719-5804-183d-f4250241286b,4b43e320-319d-c2c3-cd82-d62d98b29b7b,https://i.dummyjson.com/data/products/22/2.jpg
58c72b68-3a61-3242-5653-00980e6cfb3b,4b43e320-319d-c2c3-cd82-d62d98b29b7b,https://i.dummyjson.com/data/products/22/3.jpg
ad7256f9-f739-adf0-231a-a5ceb8d2c787,9466402d-6ac2-4591-2a97-fc39ba9ec976,https://i.dummyjson.com/data/products/23/1.jpg
4a4a002f-a6c1-8bf4-f7f0-cb086641e6d7,9466402d-6ac2-4591-2a97-fc39ba9ec976,https://i.dummyjson.com/data/products/23/2.jpg
180a90f0-5969-b20c-50a6-beb193e6c138,9466402d-6ac2-4591-2a97-fc39ba9ec976,https://i.dummyjson.com/data/products/23/3.jpg
8ffd2338-870f-13c0-a97e-a7304ac0c31b,9466402d-6ac2-4591-2a97-fc39ba9ec976,https://i.dummyjson.com/data/products/23/4.jpg
6264a3a0-629a-c2a4-831c-9e2ec88600c8,9466402d-6ac2-4591-2a97-fc39ba9ec976,https://i.dummyjson.com/data/products/23/thumbnail.jpg
8b537349-d8fe-3732-ebab-89c5f6d6d912,fe1ef75a-07ff-2c62-b15f-19b1ea531475,https://i.dummyjson.com/data/products/24/1.jpg
844708e0-0646-009c-abcb-18403fcc86b7,fe1ef75a-07ff-2c62-b15f-19b1ea531475,https://i.dummyjson.com/data/products/24/2.jpg
1ebd0c55-9f95-0c71-841c-abb181a43463,fe1ef75a-07ff-2c62-b15f-19b1ea531475,https://i.dummyjson.com/data/products/24/3.jpg
b49b5aa2-a5a2-23f7-141c-85a45a7f4999,fe1ef75a-07ff-2c62-b15f-19b1ea531475,https://i.dummyjson.com/data/products/24/4.jpg
62f66058-95f5-1001-7fc2-15e8f1236bf0,fe1ef75a-07ff-2c62-b15f-19b1ea531475,https://i.dummyjson.com/data/products/24/thumbnail.jpg
6a8101d9-a67e-5947-d048-af2c533e62fb,92174735-5b7b-7013-3594-edb376232dde,https://i.dummyjson.com/data/products/25/1.png
11ca0bca-7aab-b9b0-2dca-0ccabe3cd63a,92174735-5b7b-7013-3594-edb376232dde,https://i.dummyjson.com/data/products/25/2.jpg
1f49e201-8d03-7b59-c41d-7e9f911c37e3,92174735-5b7b-7013-3594-edb376232dde,https://i.dummyjson.com/data/products/25/3.png
b8ee722d-0ff4-6a86-ab58-b7a0c15c2061,92174735-5b7b-7013-3594-edb376232dde,https://i.dummyjson.com/data/products/25/4.jpg
48082a52-8fcc-2af4-f9f0-2663209fc103,92174735-5b7b-7013-3594-edb376232dde,https://i.dummyjson.com/data/products/25/thumbnail.jpg
5b2b0a20-9493-a476-6806-8d29a200d8fd,cf651b4a-ab8b-26b7-311b-ce829e72a853,https://i.dummyjson.com/data/products/26/1.jpg
360196eb-abb8-ed9e-b8ff-72393dab38e1,cf651b4a-ab8b-26b7-311b-ce829e72a853,https://i.dummyjson.com/data/products/26/2.jpg
2e62c0d5-1651-215d-aeb3-0145b6e13e84,cf651b4a-ab8b-26b7-311b-ce829e72a853,https://i.dummyjson.com/data/products/26/3.jpg
02044d74-53df-9ad4-d418-1c6457d0c771,cf651b4a-ab8b-26b7-311b-ce829e72a853,https://i.dummyjson.com/data/products/26/4.jpg
82829306-0038-9391-fb13-007efcecc2e2,cf651b4a-ab8b-26b7-311b-ce829e72a853,https://i.dummyjson.com/data/products/26/5.jpg
c2cc39aa-4504-0801-598d-4d9eb391a9fc,cf651b4a-ab8b-26b7-311b-ce829e72a853,https://i.dummyjson.com/data/products/26/thumbnail.jpg
dbc3d189-2694-b022-b1bd-e2973c93763f,d94898d5-f2ef-c51f-120b-d00816a0996d,https://i.dummyjson.com/data/products/27/1.jpg
2a48e2b0-bd9c-506d-310f-34f4effdc7c7,d94898d5-f2ef-c51f-120b-d00816a0996d,https://i.dummyjson.com/data/products/27/2.jpg
1042c992-1f62-f860-1144-4fc2e28670cb,d94898d5-f2ef-c51f-120b-d00816a0996d,https://i.dummyjson.com/data/products/27/3.jpg
c4e7c06c-0ccd-1fb4-5139-bcd65d3d26b4,d94898d5-f2ef-c51f-120b-d00816a0996d,https://i.dummyjson.com/data/products/27/4.jpg
fe48d8ea-b76e-5ab6-c96a-310e41dbb88e,d94898d5-f2ef-c51f-120b-d00816a0996d,https://i.dummyjson.com/data/products/27/thumbnail.webp
06602e2a-8492-88cf-443a-8c4f54787af1,488ecce8-f05b-118a-2855-c14a434f2b89,https://i.dummyjson.com/data/products/28/1.jpg
592f4189-240a-4f14-7693-c501934bed52,488ecce8-f05b-118a-2855-c14a434f2b89,https://i.dummyjson.com/data/products/28/2.jpg
1bc5ba1b-78b1-ddf6-b404-b38c2799e87d,488ecce8-f05b-118a-2855-c14a434f2b89,https://i.dummyjson.com/data/products/28/3.png
9e4f4abd-d48d-9a3e-5fc7-5b50948070fe,488ecce8-f05b-118a-2855-c14a434f2b89,https://i.dummyjson.com/data/products/28/4.jpg
7c832ad3-cf42-aa9b-05fc-b96eb296d5ea,488ecce8-f05b-118a-2855-c14a434f2b89,https://i.dummyjson.com/data/products/28/thumbnail.jpg
b93f6736-9d94-e299-3cf4-a2c6e45fdc74,99808539-376d-9f0b-0020-ee7c98b3b800,https://i.dummyjson.com/data/products/29/1.jpg
5d57a3d5-8e1a-9283-0534-ef9093e4c9ab,99808539-376d-9f0b-0020-ee7c98b3b800,https://i.dummyjson.com/data/products/29/2.jpg
0bb47764-3461-a269-a37b-8583acbb40cf,99808539-376d-9f0b-0020-ee7c98b3b800,https://i.dummyjson.com/data/products/29/3.webp
5ade34fa-8677-3e7e-e5ad-404c57646a7e,99808539-376d-9f0b-0020-ee7c98b3b800,https://i.dummyjson.com/data/products/29/4.webp
a612cfe6-ad65-5912-7082-51d7ce42372a,99808539-376d-9f0b-0020-ee7c98b3b800,https://i.dummyjson.com/data/products/29/thumbnail.webp
66f4a747-8610-7e5c-3320-6ed611c2527b,90c0a36b-49a1-817c-ce5f-8fc1880781fb,https://i.dummyjson.com/data/products/30/1.jpg
ee6eae71-bebf-560d-cb69-fa98e474a8cc,90c0a36b-49a1-817c-ce5f-8fc1880781fb,https://i.dummyjson.com/data/products/30/2.jpg
a7ca5295-5b8f-9d49-586f-a66f1dcae837,90c0a36b-49a1-817c-ce5f-8fc1880781fb,https://i.dummyjson.com/data/products/30/3.jpg
14bd683f-5f95-2663-e008-ecbb597120f9,90c0a36b-49a1-817c-ce5f-8fc1880781fb,https://i.dummyjson.com/data/products/30/thumbnail.jpg
ae0d6c9d-7f41-8128-4425-187386bbccf9,349f1f2e-ca7d-7150-7ab4-a3f57629c39d,https://i.dummyjson.com/data/products/31/1.jpg
650fdd46-3552-fa54-abd4-dd69045a6c5a,349f1f2e-ca7d-7150-7ab4-a3f57629c39d,https://i.dummyjson.com/data/products/31/2.jpg
7a6bf6e9-f6b5-a929-9a7e-c117c093f126,349f1f2e-ca7d-7150-7ab4-a3f57629c39d,https://i.dummyjson.com/data/products/31/3.jpg
f3079881-014c-f098-a937-aa19e22f050b,349f1f2e-ca7d-7150-7ab4-a3f57629c39d,https://i.dummyjson.com/data/products/31/4.jpg
c61ca431-58e3-7246-fdae-4f36812aaed0,349f1f2e-ca7d-7150-7ab4-a3f57629c39d,https://i.dummyjson.com/data/products/31/thumbnail.jpg
cd80eb3d-ca08-b93f-91c8-0343940e5665,0d7990b5-75f4-f438-ee77-1270fb4ee985,https://i.dummyjson.com/data/products/32/1.jpg
7afbad37-f217-b31d-06d2-bda447087053,0d7990b5-75f4-f438-ee77-1270fb4ee985,https://i.dummyjson.com/data/products/32/2.jpg
323677c8-d911-22e0-1cb4-465edf1dfc97,0d7990b5-75f4-f438-ee77-1270fb4ee985,https://i.dummyjson.com/data/products/32/3.jpg
5546aed6-9c2a-70b8-382b-8373aac6def3,0d7990b5-75f4-f438-ee77-1270fb4ee985,https://i.dummyjson.com/data/products/32/thumbnail.jpg
35f86c79-bc71-9be2-3300-837908ec22ed,c4a04051-ea7b-1816-dfeb-d89482cbc65a,https://i.dummyjson.com/data/products/33/1.jpg
ea93fa20-1fb6-4aa6-3bd5-6bbc77fd1ca3,c4a04051-ea7b-1816-dfeb-d89482cbc65a,https://i.dummyjson.com/data/products/33/2.jpg
d7df14af-53fd-9a84-ff70-5d91592e1ba8,c4a04051-ea7b-1816-dfeb-d89482cbc65a,https://i.dummyjson.com/data/products/33/3.jpg
6b2c95c5-da4f-7d02-c7e1-7e25ab037ca5,c4a04051-ea7b-1816-dfeb-d89482cbc65a,https://i.dummyjson.com/data/products/33/4.jpg
6c55d1d7-629e-2056-9422-ba1985305d31,c4a04051-ea7b-1816-dfeb-d89482cbc65a,https://i.dummyjson.com/data/products/33/thumbnail.jpg
3f943c05-19e8-8b88-1cfd-93508187410e,dae83324-14d6-8670-b226-2fc22df7d749,https://i.dummyjson.com/data/products/34/1.jpg
d8eb1cac-c518-84f6-d775-42407560b2df,dae83324-14d6-8670-b226-2fc22df7d749,https://i.dummyjson.com/data/products/34/2.jpg
c8ae2cfe-fb31-0c1b-e7f0-6319defd2a70,dae83324-14d6-8670-b226-2fc22df7d749,https://i.dummyjson.com/data/products/34/3.jpg
db67d7ae-834d-cc92-5aea-2a2b62a3fad3,dae83324-14d6-8670-b226-2fc22df7d749,https://i.dummyjson.com/data/products/34/4.jpg
93d7d2df-83e7-5cc6-3454-4b517fd608fd,dae83324-14d6-8670-b226-2fc22df7d749,https://i.dummyjson.com/data/products/34/thumbnail.jpg
76c6ad88-9fa1-8b02-d53b-3b0e9b3861e5,e195e838-970d-3c05-ef40-03a1864ae57c,https://i.dummyjson.com/data/products/35/1.jpg
955aacde-883d-2f1e-83a9-60b002cb74fb,e195e838-970d-3c05-ef40-03a1864ae57c,https://i.dummyjson.com/data/products/35/2.jpg
e5c33b63-36ed-70b4-cba4-c73e8790d38c,e195e838-970d-3c05-ef40-03a1864ae57c,https://i.dummyjson.com/data/products/35/3.jpg
8eee40ee-e7c8-aadf-2215-e8728c91b99e,e195e838-970d-3c05-ef40-03a1864ae57c,https://i.dummyjson.com/data/products/35/4.jpg
954b971c-c689-4d24-4e39-ef36bfe0f4f3,e195e838-970d-3c05-ef40-03a1864ae57c,https://i.dummyjson.com/data/products/35/thumbnail.jpg
58e595c9-383a-f141-85ea-7818457628df,3b1e71be-3147-2914-7968-968c1ef7e363,https://i.dummyjson.com/data/products/36/1.jpg
9893ec46-7181-9a81-08e5-980345c9efe5,3b1e71be-3147-2914-7968-968c1ef7e363,https://i.dummyjson.com/data/products/36/2.webp
ba3fbd41-5b53-eeca-29ff-c677aac15401,3b1e71be-3147-2914-7968-968c1ef7e363,https://i.dummyjson.com/data/products/36/3.webp
5dee1b49-31b4-ff18-feb1-63bcab09054d,3b1e71be-3147-2914-7968-968c1ef7e363,https://i.dummyjson.com/data/products/36/4.jpg
f10ebfba-16ad-db1b-b840-ce58671bd259,3b1e71be-3147-2914-7968-968c1ef7e363,https://i.dummyjson.com/data/products/36/thumbnail.jpg
cc9bc2c0-071c-ee75-cd90-73723253194d,328aab2b-acfa-61e7-1e3f-a163d7eb427f,https://i.dummyjson.com/data/products/37/1.jpg
21e7c956-ad23-40d8-e12e-8afb6abbde72,328aab2b-acfa-61e7-1e3f-a163d7eb427f,https://i.dummyjson.com/data/products/37/2.jpg
afde5829-c5e0-ea9b-f568-c2209bb13b22,328aab2b-acfa-61e7-1e3f-a163d7eb427f,https://i.dummyjson.com/data/products/37/3.jpg
4d1686f0-52c4-c682-723f-95afc01ec871,328aab2b-acfa-61e7-1e3f-a163d7eb427f,https://i.dummyjson.com/data/products/37/4.jpg
7602a097-8a54-cb62-5dd2-12b6cb3d3b82,328aab2b-acfa-61e7-1e3f-a163d7eb427f,https://i.dummyjson.com/data/products/37/thumbnail.jpg
42946e27-549f-567e-618b-3bc523c8e415,d15f142f-38b3-d360-36f5-f8d1108d314b,https://i.dummyjson.com/data/products/38/1.png
ca6b31ad-c959-f1d6-35fc-c73f3dadfe8d,d15f142f-38b3-d360-36f5-f8d1108d314b,https://i.dummyjson.com/data/products/38/2.jpg
bfcfcb1d-8c38-733d-095e-01968b1f694d,d15f142f-38b3-d360-36f5-f8d1108d314b,https://i.dummyjson.com/data/products/38/3.jpg
246e61c5-143c-a17a-268d-a71b810088eb,d15f142f-38b3-d360-36f5-f8d1108d314b,https://i.dummyjson.com/data/products/38/4.jpg
79f4def3-c434-95e6-e2b7-ac59858fb6e2,cbdc5f06-0fc3-8088-e316-f26cdbc39b16,https://i.dummyjson.com/data/products/39/1.jpg
5c6401a1-4328-3693-6a0e-384b56b130fd,cbdc5f06-0fc3-8088-e316-f26cdbc39b16,https://i.dummyjson.com/data/products/39/2.jpg
33638d78-d311-50e5-b65a-1e8b2cdcd14a,cbdc5f06-0fc3-8088-e316-f26cdbc39b16,https://i.dummyjson.com/data/products/39/3.jpg
469e3ab9-4378-7de4-3a79-f5d7f3da0333,cbdc5f06-0fc3-8088-e316-f26cdbc39b16,https://i.dummyjson.com/data/products/39/4.jpg
9030dbb7-987b-e11f-411c-b7cf9d58d076,cbdc5f06-0fc3-8088-e316-f26cdbc39b16,https://i.dummyjson.com/data/products/39/thumbnail.jpg
0e3172da-f869-80d3-995c-8c21a77c9fbb,5c17d661-736e-8f99-38be-dca31c030892,https://i.dummyjson.com/data/products/40/1.jpg
1b43a651-b5a6-68dd-271d-0d3015d113d3,5c17d661-736e-8f99-38be-dca31c030892,https://i.dummyjson.com/data/products/40/2.jpg
61965e07-c260-5c8c-46fe-ce6fe3f6e4ce,fa39604c-7e45-0aa8-4d12-3f0790eefafc,https://i.dummyjson.com/data/products/41/1.jpg
8bdcbca6-a3fa-ab0a-ed6f-e7996ffa638c,fa39604c-7e45-0aa8-4d12-3f0790eefafc,https://i.dummyjson.com/data/products/41/2.webp
336b468e-41f3-cd7d-7564-69d4e6e73a54,fa39604c-7e45-0aa8-4d12-3f0790eefafc,https://i.dummyjson.com/data/products/41/3.jpg
1c9c54c6-432c-7462-cae4-6fee89e260a2,fa39604c-7e45-0aa8-4d12-3f0790eefafc,https://i.dummyjson.com/data/products/41/4.jpg
560aaa1c-b524-9403-baf2-8de3ed0214de,fa39604c-7e45-0aa8-4d12-3f0790eefafc,https://i.dummyjson.com/data/products/41/thumbnail.webp
d2d21c0a-d986-3c11-3352-ac158288f681,ff3197e2-2ca7-8a8b-f3d0-dda7d0f901d4,https://i.dummyjson.com/data/products/42/1.png
2b4f266d-85b5-e2f5-5fb9-6427252ba0d7,ff3197e2-2ca7-8a8b-f3d0-dda7d0f901d4,https://i.dummyjson.com/data/products/42/2.png
f2a4f47c-c45c-a69d-3cb8-862d40dccb0c,ff3197e2-2ca7-8a8b-f3d0-dda7d0f901d4,https://i.dummyjson.com/data/products/42/3.png
fdbca3c7-f0f4-90c0-e68c-c07aa858cec0,ff3197e2-2ca7-8a8b-f3d0-dda7d0f901d4,https://i.dummyjson.com/data/products/42/4.jpg
c43f77d0-8e35-4ecb-2c4f-c46da6712b1a,ff3197e2-2ca7-8a8b-f3d0-dda7d0f901d4,https://i.dummyjson.com/data/products/42/thumbnail.jpg
54de70f4-b41b-cec0-ff6a-e73f193d4ed6,f474f8ce-7582-9e4c-73a3-127cf77dcab0,https://i.dummyjson.com/data/products/43/1.jpg
8e2e2253-9081-09dc-aacb-905382e59438,f474f8ce-7582-9e4c-73a3-127cf77dcab0,https://i.dummyjson.com/data/products/43/2.jpg
2af210bb-b77d-6213-d610-f8612964cfeb,f474f8ce-7582-9e4c-73a3-127cf77dcab0,https://i.dummyjson.com/data/products/43/3.jpg
3accd9ba-e693-3757-0f9c-ed136a8752c6,f474f8ce-7582-9e4c-73a3-127cf77dcab0,https://i.dummyjson.com/data/products/43/4.jpg
1cce038e-9746-3b93-6cbe-f7475b00165e,f474f8ce-7582-9e4c-73a3-127cf77dcab0,https://i.dummyjson.com/data/products/43/thumbnail.jpg
50bf7945-1dc2-b677-6d80-528e50b3e90b,f7c55d2e-14e8-8b3b-d7f5-647a0ecc059c,https://i.dummyjson.com/data/products/44/1.jpg
d50788ab-5c1d-2386-7c11-90d18d8b337c,f7c55d2e-14e8-8b3b-d7f5-647a0ecc059c,https://i.dummyjson.com/data/products/44/2.jpg
e717dff8-a720-d51d-c10f-62b401f8a818,f7c55d2e-14e8-8b3b-d7f5-647a0ecc059c,https://i.dummyjson.com/data/products/44/3.jpg
1d881b50-08eb-7875-dcfb-50556b244bdf,f7c55d2e-14e8-8b3b-d7f5-647a0ecc059c,https://i.dummyjson.com/data/products/44/4.jpg
260693b9-ac6e-b9ff-d294-9618bcfc8b25,f7c55d2e-14e8-8b3b-d7f5-647a0ecc059c,https://i.dummyjson.com/data/products/44/thumbnail.jpg
bf43d3e2-fa3f-d435-e61d-ae9d7e5d396b,a407bd9b-a795-d816-f58f-28dff36c5cfe,https://i.dummyjson.com/data/products/45/1.jpg
3fcd040c-e16c-816c-064e-f32a44b0706f,a407bd9b-a795-d816-f58f-28dff36c5cfe,https://i.dummyjson.com/data/products/45/2.webp
fc7792f2-e1e4-3b6c-ad36-427168445899,a407bd9b-a795-d816-f58f-28dff36c5cfe,https://i.dummyjson.com/data/products/45/3.jpg
8d1a7890-5f7c-d7c2-0526-a33c12aa566a,a407bd9b-a795-d816-f58f-28dff36c5cfe,https://i.dummyjson.com/data/products/45/4.jpg
5282cb94-d079-2a74-f966-6062c4ca8ea7,a407bd9b-a795-d816-f58f-28dff36c5cfe,https://i.dummyjson.com/data/products/45/thumbnail.jpg
3720a7a1-8f61-0f0b-55e2-b24857361edb,73d1ff50-9652-8e40-e8f9-8fffd2d95141,https://i.dummyjson.com/data/products/46/1.webp
a9fbc811-91fd-830a-31ca-e68342a4f056,73d1ff50-9652-8e40-e8f9-8fffd2d95141,https://i.dummyjson.com/data/products/46/2.jpg
3913de88-c961-af08-3882-ef4e87228e04,73d1ff50-9652-8e40-e8f9-8fffd2d95141,https://i.dummyjson.com/data/products/46/3.jpg
82c29d21-ed13-9704-1b37-67afdd824ba7,73d1ff50-9652-8e40-e8f9-8fffd2d95141,https://i.dummyjson.com/data/products/46/4.jpg
7aca7934-7de7-81da-17d3-1afe6fab1380,73d1ff50-9652-8e40-e8f9-8fffd2d95141,https://i.dummyjson.com/data/products/46/thumbnail.jpg
05f7a327-5872-84c0-5ee8-668f3f26f049,2caca599-f585-9ac1-82b3-e8724f6ba499,https://i.dummyjson.com/data/products/47/1.jpg
b4e8ce27-1673-884a-7519-1c7a8f8a483a,2caca599-f585-9ac1-82b3-e8724f6ba499,https://i.dummyjson.com/data/products/47/2.jpg
61c585e7-54a6-c475-c7ef-81ae824bf879,2caca599-f585-9ac1-82b3-e8724f6ba499,https://i.dummyjson.com/data/products/47/3.jpg
fa3d7ee6-85d0-5c14-0b22-00ef096f420b,2caca599-f585-9ac1-82b3-e8724f6ba499,https://i.dummyjson.com/data/products/47/thumbnail.jpeg
289e7a10-6871-ae59-cccb-86cc7279858a,9cb7df2d-ded6-8323-b1cd-6e69e257cf52,https://i.dummyjson.com/data/products/48/1.jpg
b57d69d5-ee97-8b53-8407-acfb6d35e063,9cb7df2d-ded6-8323-b1cd-6e69e257cf52,https://i.dummyjson.com/data/products/48/2.jpg
1c9a185b-f0b6-3076-0492-f8652da35585,9cb7df2d-ded6-8323-b1cd-6e69e257cf52,https://i.dummyjson.com/data/products/48/3.jpg
e2436884-e270-ab44-8b8c-6fcb6854790b,9cb7df2d-ded6-8323-b1cd-6e69e257cf52,https://i.dummyjson.com/data/products/48/4.jpg
6cd503fc-5b22-222c-59dd-a85a2f1de343,9cb7df2d-ded6-8323-b1cd-6e69e257cf52,https://i.dummyjson.com/data/products/48/thumbnail.jpg
a9dd215a-4635-2e81-29b7-4336ef6bc5b8,f05852a4-a394-5847-f3bd-6c59a265d691,https://i.dummyjson.com/data/products/49/1.jpg
e9a60c98-3949-ff75-3b41-b0feb7518a74,f05852a4-a394-5847-f3bd-6c59a265d691,https://i.dummyjson.com/data/products/49/2.jpg
d2a6f58a-1135-cac8-d3bc-def323af1e17,f05852a4-a394-5847-f3bd-6c59a265d691,https://i.dummyjson.com/data/products/49/3.webp
9c1c1302-d855-0f27-7362-d6da5ca4b925,f05852a4-a394-5847-f3bd-6c59a265d691,https://i.dummyjson.com/data/products/49/thumbnail.jpg
df931e28-b72c-4671-9fc0-94d227831279,f9c0e5a5-b465-126a-6a5e-be55881adbb1,https://i.dummyjson.com/data/products/50/1.jpeg
3d02f361-5cc9-1279-55b9-5827a1bc93ef,f9c0e5a5-b465-126a-6a5e-be55881adbb1,https://i.dummyjson.com/data/products/50/2.jpg
97093343-f883-0eeb-b823-7cb257e6b2c4,f9c0e5a5-b465-126a-6a5e-be55881adbb1,https://i.dummyjson.com/data/products/50/3.jpg
f8681760-4a00-fec2-c4d2-9c91dca116fe,5dfec845-2520-f7a0-8527-e47b150a5255,https://i.dummyjson.com/data/products/51/1.png
eb425337-e36a-3f92-39a3-c50e42e3bb17,5dfec845-2520-f7a0-8527-e47b150a5255,https://i.dummyjson.com/data/products/51/2.jpg
585ab2ca-99c2-3a7b-92df-f49688a81874,5dfec845-2520-f7a0-8527-e47b150a5255,https://i.dummyjson.com/data/products/51/3.jpg
22480961-4438-b9f9-6cca-1d97a2878e96,5dfec845-2520-f7a0-8527-e47b150a5255,https://i.dummyjson.com/data/products/51/thumbnail.jpg
61b4554b-0051-95c8-63a9-e96cf24f2631,7c748ab5-b967-ccce-bd7a-5a6bb9121f06,https://i.dummyjson.com/data/products/52/1.png
83771f54-a2f9-bf59-23ab-6e09b32de372,7c748ab5-b967-ccce-bd7a-5a6bb9121f06,https://i.dummyjson.com/data/products/52/2.png
e3e74db8-fa36-bd25-3e30-bf823088c40d,7c748ab5-b967-ccce-bd7a-5a6bb9121f06,https://i.dummyjson.com/data/products/52/3.jpg
47c1ea22-6a4c-0a5f-20d3-b87688612c9a,7c748ab5-b967-ccce-bd7a-5a6bb9121f06,https://i.dummyjson.com/data/products/52/4.jpg
95091994-3859-d0c9-2b1f-fb4156d23b95,7c748ab5-b967-ccce-bd7a-5a6bb9121f06,https://i.dummyjson.com/data/products/52/thumbnail.jpg
17932a13-6042-f546-3944-0d37a612592e,f3b94244-f935-1c87-d275-3d7e1e1f2305,https://i.dummyjson.com/data/products/53/1.webp
345ad075-6a13-d22c-6414-5469420962d1,f3b94244-f935-1c87-d275-3d7e1e1f2305,https://i.dummyjson.com/data/products/53/2.jpg
ddc0f28b-dbd9-a981-45a3-d55dfc0341b3,f3b94244-f935-1c87-d275-3d7e1e1f2305,https://i.dummyjson.com/data/products/53/3.jpg
e463af78-64fb-c5bd-8dae-795589a32403,f3b94244-f935-1c87-d275-3d7e1e1f2305,https://i.dummyjson.com/data/products/53/4.jpg
f3c7d71f-1014-a02d-402f-065750e52fa8,f3b94244-f935-1c87-d275-3d7e1e1f2305,https://i.dummyjson.com/data/products/53/thumbnail.jpg
438bd3b3-ffc9-f940-7f8c-51199e9f37ff,78b075a0-18ee-be2c-dc2f-3aeb878fb32d,https://i.dummyjson.com/data/products/54/1.jpg
2859e4a8-0b2f-2f98-375e-64e677232198,78b075a0-18ee-be2c-dc2f-3aeb878fb32d,https://i.dummyjson.com/data/products/54/2.jpg
f076a720-c0d8-2807-7662-ed9111314a49,78b075a0-18ee-be2c-dc2f-3aeb878fb32d,https://i.dummyjson.com/data/products/54/3.jpg
972b5a0c-b533-328b-4b7d-ad695ba59b71,78b075a0-18ee-be2c-dc2f-3aeb878fb32d,https://i.dummyjson.com/data/products/54/4.jpg
4d7186ac-8b30-8d65-8465-2f81276073db,78b075a0-18ee-be2c-dc2f-3aeb878fb32d,https://i.dummyjson.com/data/products/54/thumbnail.jpg
f4ff38ab-c043-b06e-91c8-adbe21a868b2,7d0d0f88-c3fe-8c23-380c-159d25687067,https://i.dummyjson.com/data/products/55/1.jpg
6c19d937-c0a0-d13a-120b-00ab5fbaf1e2,7d0d0f88-c3fe-8c23-380c-159d25687067,https://i.dummyjson.com/data/products/55/2.webp
60c2722d-ae8a-ea08-4c4a-be342fa8b0a6,7d0d0f88-c3fe-8c23-380c-159d25687067,https://i.dummyjson.com/data/products/55/3.jpg
baeed445-8fe7-eee3-b651-df28bcc40ca3,7d0d0f88-c3fe-8c23-380c-159d25687067,https://i.dummyjson.com/data/products/55/4.jpg
7204d5eb-b061-cc13-605a-326465d96b35,7d0d0f88-c3fe-8c23-380c-159d25687067,https://i.dummyjson.com/data/products/55/thumbnail.jpg
1c66db83-2020-f425-654c-7cb1881468f8,2b121578-b7d9-7f89-67c2-1433c41023c6,https://i.dummyjson.com/data/products/56/1.jpg
add7da33-f2b9-6a70-3239-f2c943438254,2b121578-b7d9-7f89-67c2-1433c41023c6,https://i.dummyjson.com/data/products/56/2.jpg
a58ab6c5-8475-bf0d-7b25-0c90e457665f,2b121578-b7d9-7f89-67c2-1433c41023c6,https://i.dummyjson.com/data/products/56/3.jpg
f9f3bfb1-785f-a521-4c81-811a9bef339f,2b121578-b7d9-7f89-67c2-1433c41023c6,https://i.dummyjson.com/data/products/56/4.jpg
b29346c7-fb38-8aea-be4d-805ad59e3049,2b121578-b7d9-7f89-67c2-1433c41023c6,https://i.dummyjson.com/data/products/56/5.jpg
dc7ae3e7-0a1b-252a-e62e-e61dd3400d1f,2b121578-b7d9-7f89-67c2-1433c41023c6,https://i.dummyjson.com/data/products/56/thumbnail.jpg
ba525b68-d0cb-a9f0-7387-e8cbbc1d996f,8d053b93-0e5d-e252-d12d-a9d0fc8f585f,https://i.dummyjson.com/data/products/57/1.jpg
b603150a-ff39-8163-e1b9-be6469b0df19,8d053b93-0e5d-e252-d12d-a9d0fc8f585f,https://i.dummyjson.com/data/products/57/2.jpg
1fe18490-343d-f5c7-5a23-9a512a4af9fb,8d053b93-0e5d-e252-d12d-a9d0fc8f585f,https://i.dummyjson.com/data/products/57/3.jpg
bac8a2f9-a883-726f-6cdb-ceb732605818,8d053b93-0e5d-e252-d12d-a9d0fc8f585f,https://i.dummyjson.com/data/products/57/4.jpg
4c24a2c4-4989-71eb-f89c-ccb2a07ffda6,8d053b93-0e5d-e252-d12d-a9d0fc8f585f,https://i.dummyjson.com/data/products/57/thumbnail.jpg
1da2f4bf-a0cb-3f82-7068-ab356e68c1ba,d70cfee9-0032-f586-12ea-13e4c0c2ffcb,https://i.dummyjson.com/data/products/58/1.jpg
7a38fee7-3020-e333-d5bd-22bb7257605d,d70cfee9-0032-f586-12ea-13e4c0c2ffcb,https://i.dummyjson.com/data/products/58/2.jpg
b5cfa4bd-f52e-0635-551a-31451eed7805,d70cfee9-0032-f586-12ea-13e4c0c2ffcb,https://i.dummyjson.com/data/products/58/3.jpg
c28a8a40-f74b-2e96-70a8-293e3a4f1d6e,d70cfee9-0032-f586-12ea-13e4c0c2ffcb,https://i.dummyjson.com/data/products/58/4.jpg
a50e8e50-87e1-f82f-2b6b-9515dc047966,d70cfee9-0032-f586-12ea-13e4c0c2ffcb,https://i.dummyjson.com/data/products/58/thumbnail.jpg
4ca3b062-68c1-e092-78d7-63224667e284,450be2c1-54b3-c227-a4b0-c06fb3a4a59e,https://i.dummyjson.com/data/products/59/1.jpg
5e003fa7-95a2-6bb6-6c69-660b19399405,450be2c1-54b3-c227-a4b0-c06fb3a4a59e,https://i.dummyjson.com/data/products/59/2.jpg
ff6fd6ca-4141-a755-d486-c166acd7ed55,450be2c1-54b3-c227-a4b0-c06fb3a4a59e,https://i.dummyjson.com/data/products/59/3.jpg
00404cf6-114a-e143-667a-d669546cdd38,450be2c1-54b3-c227-a4b0-c06fb3a4a59e,https://i.dummyjson.com/data/products/59/4.jpg
ec1fbc03-19a0-6fcf-3750-ed1a1a79efce,450be2c1-54b3-c227-a4b0-c06fb3a4a59e,https://i.dummyjson.com/data/products/59/thumbnail.jpg
88ad2ed5-b425-72a2-b096-d49dfc63d467,c904c23b-38a3-b7e0-522f-509be5457caa,https://i.dummyjson.com/data/products/60/1.jpg
52c2fc72-63eb-923f-e4fd-98f112213242,c904c23b-38a3-b7e0-522f-509be5457caa,https://i.dummyjson.com/data/products/60/2.jpg
6430a713-feb8-53b0-b113-63d26b32dad3,c904c23b-38a3-b7e0-522f-509be5457caa,https://i.dummyjson.com/data/products/60/3.jpg
15e9ea1b-a30d-dcf7-1645-0a072c7d7661,c904c23b-38a3-b7e0-522f-509be5457caa,https://i.dummyjson.com/data/products/60/thumbnail.jpg
5a5239b9-9b8f-f2d7-0327-9b996c48d88a,9cac2b0f-6643-2361-a97c-5f6c091fa6bd,https://i.dummyjson.com/data/products/61/1.jpg
b18a5552-228d-956f-7bbf-1216858ffd3b,9cac2b0f-6643-2361-a97c-5f6c091fa6bd,https://i.dummyjson.com/data/products/61/2.png
1275ff3c-cd1a-ef11-f0b7-1f14c7d52d7a,9cac2b0f-6643-2361-a97c-5f6c091fa6bd,https://i.dummyjson.com/data/products/61/3.jpg
6d36f0c4-0f3d-f6e8-4d3f-b0b6850c5cae,d403317e-86fb-8b9b-d98d-ef4742375b59,https://i.dummyjson.com/data/products/62/1.jpg
6d149e51-2675-896c-362a-f26d99f41ec9,d403317e-86fb-8b9b-d98d-ef4742375b59,https://i.dummyjson.com/data/products/62/2.jpg
392b054d-6978-c4ca-71d6-d58bdfc6e5df,d1f7ecad-58eb-3d3e-924e-ff5d7665e541,https://i.dummyjson.com/data/products/63/1.jpg
15762166-cc24-f62d-8478-c1e4ec374219,d1f7ecad-58eb-3d3e-924e-ff5d7665e541,https://i.dummyjson.com/data/products/63/2.jpg
fef70f04-0216-e141-6629-dd35ead7fa2f,d1f7ecad-58eb-3d3e-924e-ff5d7665e541,https://i.dummyjson.com/data/products/63/3.png
c85c182a-3e8f-deff-6ac6-82c7f893ba4e,d1f7ecad-58eb-3d3e-924e-ff5d7665e541,https://i.dummyjson.com/data/products/63/4.jpeg
e4a56c65-bba4-9ed2-df41-120d0e3b8568,1fb9b633-bee3-8cb9-45f5-75defac3b975,https://i.dummyjson.com/data/products/64/1.jpg
574524f1-07ee-8f4a-808e-1a3461271609,1fb9b633-bee3-8cb9-45f5-75defac3b975,https://i.dummyjson.com/data/products/64/2.webp
5b41731b-0cf9-8a03-d506-f1fc3d23a758,1fb9b633-bee3-8cb9-45f5-75defac3b975,https://i.dummyjson.com/data/products/64/3.jpg
1140535d-909f-b756-9bb7-b7ff92056640,1fb9b633-bee3-8cb9-45f5-75defac3b975,https://i.dummyjson.com/data/products/64/thumbnail.jpg
0e3dacec-395f-a63b-dce7-86bd1e398813,cf986fd0-2c0d-9969-3f3a-25a15f44014d,https://i.dummyjson.com/data/products/65/1.jpg
74df18a7-65c6-da8b-21cc-96021d86028c,cf986fd0-2c0d-9969-3f3a-25a15f44014d,https://i.dummyjson.com/data/products/65/2.webp
89e4340f-af53-f7b3-dd7b-3194b3ce43e6,cf986fd0-2c0d-9969-3f3a-25a15f44014d,https://i.dummyjson.com/data/products/65/3.jpg
b27a62fa-ec24-d542-5787-8a83732924e2,cf986fd0-2c0d-9969-3f3a-25a15f44014d,https://i.dummyjson.com/data/products/65/4.webp
ff2e856f-ca05-a51a-18ae-3026de075057,cf986fd0-2c0d-9969-3f3a-25a15f44014d,https://i.dummyjson.com/data/products/65/thumbnail.webp
2d548efd-a9e5-6d98-7df8-a1dc71beab64,eb6d792b-8f3f-7413-6613-7739b0306889,https://i.dummyjson.com/data/products/66/1.jpg
d3a3f456-870a-7a25-ad06-00188eaaad83,eb6d792b-8f3f-7413-6613-7739b0306889,https://i.dummyjson.com/data/products/66/2.jpg
129b30d4-08cd-73ce-f14c-302bf2c5731a,eb6d792b-8f3f-7413-6613-7739b0306889,https://i.dummyjson.com/data/products/66/3.jpg
5f5268e5-d2c0-8272-7784-2a831dbd6d79,eb6d792b-8f3f-7413-6613-7739b0306889,https://i.dummyjson.com/data/products/66/4.JPG
8290efde-6534-900d-d678-666e167ddc99,eb6d792b-8f3f-7413-6613-7739b0306889,https://i.dummyjson.com/data/products/66/thumbnail.jpg
bb8dc685-4b9e-14d4-03e9-0086d4d5216f,0d96b6ec-265b-d1a6-8011-9b6a78ce6d3c,https://i.dummyjson.com/data/products/67/1.jpg
2e7ca953-b206-ab7c-2947-d92568cbabeb,0d96b6ec-265b-d1a6-8011-9b6a78ce6d3c,https://i.dummyjson.com/data/products/67/2.jpg
c3e817d1-2cd9-0d17-f2b9-d2e31785326e,0d96b6ec-265b-d1a6-8011-9b6a78ce6d3c,https://i.dummyjson.com/data/products/67/3.jpg
86f9114c-ad99-4a15-59c9-4e42ed6e4084,0d96b6ec-265b-d1a6-8011-9b6a78ce6d3c,https://i.dummyjson.com/data/products/67/4.jpg
a953d717-2f51-bc68-3bfd-799513ec94d0,0d96b6ec-265b-d1a6-8011-9b6a78ce6d3c,https://i.dummyjson.com/data/products/67/thumbnail.jpg
3f16f0f0-44f0-1e2f-8de4-a2f3fb95ccce,e87568cc-3f98-4f7a-2921-8ea1d605e24d,https://i.dummyjson.com/data/products/68/1.jpg
9fdf5439-09d3-d573-4e8b-000c0698a123,e87568cc-3f98-4f7a-2921-8ea1d605e24d,https://i.dummyjson.com/data/products/68/2.jpg
8ba58d32-7784-a8e2-2a30-e70e18fc79ce,2ea308d9-922b-4350-909e-dc003ab2b8f4,https://i.dummyjson.com/data/products/69/1.jpg
c5001cbb-e55e-8d05-1327-1b4ad96e85c5,2ea308d9-922b-4350-909e-dc003ab2b8f4,https://i.dummyjson.com/data/products/69/2.jpg
eabb6e1d-99cd-2bed-378b-5cbee7b804f6,2ea308d9-922b-4350-909e-dc003ab2b8f4,https://i.dummyjson.com/data/products/69/3.webp
328607b4-ef5d-cba7-0913-c93ad79778ed,2ea308d9-922b-4350-909e-dc003ab2b8f4,https://i.dummyjson.com/data/products/69/4.jpg
ee7f7dcc-157c-a561-363a-aa7006fa154e,2ea308d9-922b-4350-909e-dc003ab2b8f4,https://i.dummyjson.com/data/products/69/thumbnail.jpg
cef6209d-a337-7efa-7356-d1fc56184439,24353903-fc3d-aee6-dfc7-b422b8fa1e34,https://i.dummyjson.com/data/products/70/1.jpg
fb3338dc-bd46-cc27-0a8f-e708d486226f,24353903-fc3d-aee6-dfc7-b422b8fa1e34,https://i.dummyjson.com/data/products/70/2.jpg
63f2e1d1-9395-6479-270d-4de171ed2561,24353903-fc3d-aee6-dfc7-b422b8fa1e34,https://i.dummyjson.com/data/products/70/thumbnail.jpg
d8b69663-b32d-0ac0-3292-a14d927ca3cc,fd2488b5-3b89-4297-4f47-2856ae0e2894,https://i.dummyjson.com/data/products/71/1.jpg
24f402a2-fd00-f460-9159-321a24ff325c,fd2488b5-3b89-4297-4f47-2856ae0e2894,https://i.dummyjson.com/data/products/71/2.jpg
6ae2a0fe-fc7c-0d30-448a-e416c3ad963a,fd2488b5-3b89-4297-4f47-2856ae0e2894,https://i.dummyjson.com/data/products/71/3.webp
8386f1fd-8bf9-62ac-94a3-600821cd4095,fd2488b5-3b89-4297-4f47-2856ae0e2894,https://i.dummyjson.com/data/products/71/thumbnail.jpg
85c97172-fb6d-b6cd-9a96-69367a2b526f,89177901-a83f-9aa5-d77c-abb8c0474a36,https://i.dummyjson.com/data/products/72/1.jpg
94700926-a916-2b2d-cf62-a120f27114de,89177901-a83f-9aa5-d77c-abb8c0474a36,https://i.dummyjson.com/data/products/72/2.png
b636dbe6-18a0-5f65-b7fe-ec768f17d2b9,89177901-a83f-9aa5-d77c-abb8c0474a36,https://i.dummyjson.com/data/products/72/3.webp
2063be97-1eb1-6933-35fc-64c4bba27762,89177901-a83f-9aa5-d77c-abb8c0474a36,https://i.dummyjson.com/data/products/72/4.jpg
c72932cd-e71f-10e2-45d9-00ba71c50e49,89177901-a83f-9aa5-d77c-abb8c0474a36,https://i.dummyjson.com/data/products/72/thumbnail.webp
bcd3756b-a7b8-b0db-42d4-89942e77d153,9d47bcba-4c7e-aa45-bb3a-c69e342907f8,https://i.dummyjson.com/data/products/73/1.jpg
9e89ead2-c69b-142a-d7b8-f48d7b108b4b,9d47bcba-4c7e-aa45-bb3a-c69e342907f8,https://i.dummyjson.com/data/products/73/2.webp
b20f1aeb-5738-22b9-876b-df8710e6225f,9d47bcba-4c7e-aa45-bb3a-c69e342907f8,https://i.dummyjson.com/data/products/73/3.jpg
b03f5282-c32b-9c77-e39b-33bce0d87471,9d47bcba-4c7e-aa45-bb3a-c69e342907f8,https://i.dummyjson.com/data/products/73/thumbnail.jpg
db0aec1c-7e10-60b0-c4cb-ba9280aa075e,3d233d8d-57b5-e86d-58c7-c2fd69fec5a0,https://i.dummyjson.com/data/products/74/1.jpg
49342e41-839c-f480-d9a4-a28bc84ebde6,3d233d8d-57b5-e86d-58c7-c2fd69fec5a0,https://i.dummyjson.com/data/products/74/2.jpg
2398c2fe-afc4-7eb4-6d38-b4f1c5847357,3d233d8d-57b5-e86d-58c7-c2fd69fec5a0,https://i.dummyjson.com/data/products/74/3.jpg
25b065f2-705f-2d20-1c0c-ef071dbf2c20,3d233d8d-57b5-e86d-58c7-c2fd69fec5a0,https://i.dummyjson.com/data/products/74/4.jpg
40cbda50-5bcb-2ad8-be93-4d710f7b7c40,3d233d8d-57b5-e86d-58c7-c2fd69fec5a0,https://i.dummyjson.com/data/products/74/thumbnail.jpg
3638a526-b895-37d1-4111-13d911301d7c,f6e60066-89d6-d50f-3894-fb76ce2676ce,https://i.dummyjson.com/data/products/75/1.jpg
c74dc89d-4269-06a2-927e-e348f2cbfbcb,f6e60066-89d6-d50f-3894-fb76ce2676ce,https://i.dummyjson.com/data/products/75/2.jpg
ef24d9f8-ba15-f5b4-a393-c6c55b75e80e,f6e60066-89d6-d50f-3894-fb76ce2676ce,https://i.dummyjson.com/data/products/75/3.jpg
b3a9add7-b7ec-81be-c960-912a8e45b84b,f6e60066-89d6-d50f-3894-fb76ce2676ce,https://i.dummyjson.com/data/products/75/thumbnail.jpg
932d8e18-afc7-47d6-1698-ba43e8bd4616,d1f7d037-5fa3-c54f-1893-65c4ab05fb67,https://i.dummyjson.com/data/products/76/1.jpg
dd931525-fc53-51b0-6906-28bb6c646c49,d1f7d037-5fa3-c54f-1893-65c4ab05fb67,https://i.dummyjson.com/data/products/76/2.jpg
47fdc9f8-38f3-9e67-5e42-1b7219205ae3,d1f7d037-5fa3-c54f-1893-65c4ab05fb67,https://i.dummyjson.com/data/products/76/thumbnail.jpg
eaa2d209-a2fe-2f3e-897d-298c54a1e514,a81ea036-4c7b-c831-f071-fa026e217456,https://i.dummyjson.com/data/products/77/1.jpg
b0ef954c-82bc-d924-740d-c39e116e5d88,a81ea036-4c7b-c831-f071-fa026e217456,https://i.dummyjson.com/data/products/77/2.jpg
95ed4ea6-afb3-5955-deba-9f42022924c1,a81ea036-4c7b-c831-f071-fa026e217456,https://i.dummyjson.com/data/products/77/3.jpg
7a07a10f-683a-99c3-83b9-3b774af08641,a81ea036-4c7b-c831-f071-fa026e217456,https://i.dummyjson.com/data/products/77/thumbnail.jpg
b55d24f4-ade4-5dd7-46ec-6221def6450f,574646af-98c1-f599-4d87-94e664bc8477,https://i.dummyjson.com/data/products/78/thumbnail.jpg
aecf0a52-80a7-139f-35da-bef9138943df,45fac41f-1ea1-e2ce-1ea9-16bd700d2bd0,https://i.dummyjson.com/data/products/79/1.jpg
f034aa44-3bf0-2c88-9864-a884b6db235c,b6e1a9ae-33a8-068f-4b4a-78b8ba3a3c76,https://i.dummyjson.com/data/products/80/1.jpg
8cd05964-0ad1-85dd-8466-cf85e5c54404,b6e1a9ae-33a8-068f-4b4a-78b8ba3a3c76,https://i.dummyjson.com/data/products/80/2.jpg
acc71a7e-1bb1-607a-8039-1febc507fd91,b6e1a9ae-33a8-068f-4b4a-78b8ba3a3c76,https://i.dummyjson.com/data/products/80/3.png
5691ef36-50ce-54a5-9a97-422c47fd55f5,b6e1a9ae-33a8-068f-4b4a-78b8ba3a3c76,https://i.dummyjson.com/data/products/80/4.jpg
34d85482-2359-4790-27e9-a846478ced9c,b6e1a9ae-33a8-068f-4b4a-78b8ba3a3c76,https://i.dummyjson.com/data/products/80/thumbnail.jpg
b4f43503-8574-9ef8-5877-e06f0f3dbb3a,7b482cb4-13cf-aa47-64b6-155c0fee11e7,https://i.dummyjson.com/data/products/81/1.jpg
cba839fa-5ee5-79cd-2fe3-af0ac5c4b29f,7b482cb4-13cf-aa47-64b6-155c0fee11e7,https://i.dummyjson.com/data/products/81/2.jpg
46777dce-594e-c349-f97a-544cc4801b58,7b482cb4-13cf-aa47-64b6-155c0fee11e7,https://i.dummyjson.com/data/products/81/3.jpg
99d011c0-b101-de84-3ce6-7badb0451ee1,7b482cb4-13cf-aa47-64b6-155c0fee11e7,https://i.dummyjson.com/data/products/81/4.webp
29065df1-0b59-f4c0-8336-d74570aeab40,7b482cb4-13cf-aa47-64b6-155c0fee11e7,https://i.dummyjson.com/data/products/81/thumbnail.jpg
d2e394ae-e927-992f-16db-8b11c1d1783c,ca158709-96ee-eacc-63ed-2fc29ab8ccf2,https://i.dummyjson.com/data/products/82/1.jpg
4f8da887-d384-1104-de19-939c44ff4446,ca158709-96ee-eacc-63ed-2fc29ab8ccf2,https://i.dummyjson.com/data/products/82/2.webp
41271929-3b55-7d55-881d-9d469f6d3f32,ca158709-96ee-eacc-63ed-2fc29ab8ccf2,https://i.dummyjson.com/data/products/82/3.jpg
ca4947fd-3700-bc80-b282-eb69b4761b44,ca158709-96ee-eacc-63ed-2fc29ab8ccf2,https://i.dummyjson.com/data/products/82/4.jpg
59b224f7-8948-e83d-4d7f-2261ec2e2ad8,ca158709-96ee-eacc-63ed-2fc29ab8ccf2,https://i.dummyjson.com/data/products/82/thumbnail.jpg
745ce343-47cf-b441-492f-304f155d36cd,d3355404-984e-619a-a203-885f94a77a64,https://i.dummyjson.com/data/products/83/1.jpg
3c9e3a43-9cbc-8ff4-c8cc-156da3035868,d3355404-984e-619a-a203-885f94a77a64,https://i.dummyjson.com/data/products/83/2.jpg
d1993b44-51e8-d4e7-6b24-dfd9f747018c,d3355404-984e-619a-a203-885f94a77a64,https://i.dummyjson.com/data/products/83/3.jpg
11525f6c-0418-d689-c3dc-2ccabbbd1412,d3355404-984e-619a-a203-885f94a77a64,https://i.dummyjson.com/data/products/83/4.jpg
ad8a43b8-46c5-0026-e7f9-c58a08055128,d3355404-984e-619a-a203-885f94a77a64,https://i.dummyjson.com/data/products/83/thumbnail.jpg
213ee2c9-6fd9-3e63-242d-f5397054f0d1,332d82cc-72f9-5a71-226a-0b9686e94c7f,https://i.dummyjson.com/data/products/84/1.jpg
850126b4-053e-6808-6292-b2ec2d5a1501,332d82cc-72f9-5a71-226a-0b9686e94c7f,https://i.dummyjson.com/data/products/84/2.jpg
f18cce1e-4c7c-2b78-c93c-0c5a1ffebaed,332d82cc-72f9-5a71-226a-0b9686e94c7f,https://i.dummyjson.com/data/products/84/thumbnail.jpg
b0894b4c-52bc-3b2c-d9c3-751753906325,9ba571e5-0efa-d682-75af-764598d3d633,https://i.dummyjson.com/data/products/85/1.jpg
04256a8f-6d29-48d9-5f78-0228d5bcb28d,9ba571e5-0efa-d682-75af-764598d3d633,https://i.dummyjson.com/data/products/85/2.jpg
72805a6b-1215-c443-ce6b-4bfd7952ae06,9ba571e5-0efa-d682-75af-764598d3d633,https://i.dummyjson.com/data/products/85/thumbnail.jpg
5b5dd686-59a1-3698-5a2d-dc3b14dd2419,661399f3-9213-02fc-14ce-9769472b7c82,https://i.dummyjson.com/data/products/86/1.jpg
3241db25-729b-1f50-082f-3165c47fc0fc,661399f3-9213-02fc-14ce-9769472b7c82,https://i.dummyjson.com/data/products/86/2.webp
20c8ea7d-bd7f-e1ac-b0d1-cd3f5aa5e1f2,661399f3-9213-02fc-14ce-9769472b7c82,https://i.dummyjson.com/data/products/86/3.jpg
5e21ae72-3ac4-3223-fd73-78cbba9e8e49,661399f3-9213-02fc-14ce-9769472b7c82,https://i.dummyjson.com/data/products/86/4.jpg
c2984b5d-bd16-d4ce-13b0-eea59d4a21fe,661399f3-9213-02fc-14ce-9769472b7c82,https://i.dummyjson.com/data/products/86/thumbnail.jpg
a26b7a33-0940-7d8f-2cb5-64a6d6412d54,f6c0117c-943a-0d8e-7a94-92aeb1d2c737,https://i.dummyjson.com/data/products/87/1.jpg
ca4ce984-96b0-b421-386c-0ae155042619,f6c0117c-943a-0d8e-7a94-92aeb1d2c737,https://i.dummyjson.com/data/products/87/2.jpg
03ad9b0b-0bc2-4940-f692-6b401de5fcc0,f6c0117c-943a-0d8e-7a94-92aeb1d2c737,https://i.dummyjson.com/data/products/87/3.jpg
8e20d267-3f09-3fd5-2f79-2b4fefcf605f,f6c0117c-943a-0d8e-7a94-92aeb1d2c737,https://i.dummyjson.com/data/products/87/4.jpg
fe263f30-f71c-fe6b-266f-8e36dd006d26,f6c0117c-943a-0d8e-7a94-92aeb1d2c737,https://i.dummyjson.com/data/products/87/thumbnail.jpg
77adb0bf-15d5-e3ca-7224-cfd53bd24db3,e6eaf049-5f70-0ee5-9922-64b08e7b3948,https://i.dummyjson.com/data/products/88/1.jpg
48333b98-343a-c8be-e0cb-bad24f552cec,e6eaf049-5f70-0ee5-9922-64b08e7b3948,https://i.dummyjson.com/data/products/88/2.jpg
6bb41a91-d38c-a430-b5e1-4a280a46908a,e6eaf049-5f70-0ee5-9922-64b08e7b3948,https://i.dummyjson.com/data/products/88/3.jpg
6c2c336f-f9e8-962c-59e2-d9ac2355a77f,e6eaf049-5f70-0ee5-9922-64b08e7b3948,https://i.dummyjson.com/data/products/88/4.webp
bbb36ee3-c307-1b4c-1656-c3126c008152,e6eaf049-5f70-0ee5-9922-64b08e7b3948,https://i.dummyjson.com/data/products/88/thumbnail.jpg
e75d5d26-58bc-196d-1621-06c5629582fd,aeac55dc-df63-309e-09dc-041cbfc6cd2b,https://i.dummyjson.com/data/products/89/1.jpg
e107d948-6821-62c3-8920-681f88ffdea6,aeac55dc-df63-309e-09dc-041cbfc6cd2b,https://i.dummyjson.com/data/products/89/2.jpg
4180467d-a07a-c077-d3d6-4b302776f7fa,aeac55dc-df63-309e-09dc-041cbfc6cd2b,https://i.dummyjson.com/data/products/89/3.jpg
b7e76d51-e96c-21eb-96f3-e8b1baf4a680,aeac55dc-df63-309e-09dc-041cbfc6cd2b,https://i.dummyjson.com/data/products/89/4.jpg
407a165c-8df5-ea45-783a-1348eb738699,aeac55dc-df63-309e-09dc-041cbfc6cd2b,https://i.dummyjson.com/data/products/89/thumbnail.jpg
bb82e40d-9699-259c-300b-698b794f251f,266f22bd-5366-db25-453f-e16c74312d95,https://i.dummyjson.com/data/products/90/1.jpg
d37a0499-3aae-cf02-a99d-8650899901d3,266f22bd-5366-db25-453f-e16c74312d95,https://i.dummyjson.com/data/products/90/2.jpg
5890ad9d-9d86-7632-968b-8864362bf249,266f22bd-5366-db25-453f-e16c74312d95,https://i.dummyjson.com/data/products/90/3.jpg
cfc3d884-867e-89f7-dca2-81d3b5a26aed,266f22bd-5366-db25-453f-e16c74312d95,https://i.dummyjson.com/data/products/90/4.jpg
e4f2c608-018e-3d15-dd71-e8e2523ac1e1,266f22bd-5366-db25-453f-e16c74312d95,https://i.dummyjson.com/data/products/90/thumbnail.jpg
cd4ec62c-ea7a-352a-cdb8-9034b04df905,40fe3b6e-2c0e-4e91-6279-c5e6e7416a31,https://i.dummyjson.com/data/products/91/1.jpg
f9a2aa89-39d7-45d7-8bba-f5f1dca6b32d,40fe3b6e-2c0e-4e91-6279-c5e6e7416a31,https://i.dummyjson.com/data/products/91/2.jpg
022a50ed-2e5c-f9ca-db61-59fb2b4d0791,40fe3b6e-2c0e-4e91-6279-c5e6e7416a31,https://i.dummyjson.com/data/products/91/3.jpg
4470c389-fd34-bd9f-a598-e854b5e983f8,40fe3b6e-2c0e-4e91-6279-c5e6e7416a31,https://i.dummyjson.com/data/products/91/4.jpg
c49b69af-db14-4c9a-72f4-b5f1e2dd4030,40fe3b6e-2c0e-4e91-6279-c5e6e7416a31,https://i.dummyjson.com/data/products/91/thumbnail.jpg
dc331216-c0ac-9cce-aee6-44c56349af5a,a41c64d4-783b-2160-a7cf-76b20cf59eb8,https://i.dummyjson.com/data/products/92/1.jpg
08a607dd-4f79-a381-dfc8-61a092c25373,a41c64d4-783b-2160-a7cf-76b20cf59eb8,https://i.dummyjson.com/data/products/92/2.jpg
a20f026d-ff40-7547-4697-2d2b0f6abcec,a41c64d4-783b-2160-a7cf-76b20cf59eb8,https://i.dummyjson.com/data/products/92/3.jpg
b2421816-dd9e-bdc8-b19c-d234ec4be1fb,a41c64d4-783b-2160-a7cf-76b20cf59eb8,https://i.dummyjson.com/data/products/92/4.jpg
30151742-65be-b8b0-000c-087bca92ccad,12601405-4c99-86f6-5758-2a3a25b68ed9,https://i.dummyjson.com/data/products/93/1.jpg
e4dbb104-946f-2d43-b9dc-32f3b455dcde,12601405-4c99-86f6-5758-2a3a25b68ed9,https://i.dummyjson.com/data/products/93/2.jpg
49cdc77b-6f70-c4ac-f791-2e465d0c5120,12601405-4c99-86f6-5758-2a3a25b68ed9,https://i.dummyjson.com/data/products/93/3.jpg
d3ff8dfc-a63d-ba2d-88e9-7d9568300776,12601405-4c99-86f6-5758-2a3a25b68ed9,https://i.dummyjson.com/data/products/93/4.jpg
807cdd7c-c6a9-d6cf-a1c8-c138e9fdd3bb,12601405-4c99-86f6-5758-2a3a25b68ed9,https://i.dummyjson.com/data/products/93/thumbnail.jpg
a9cd3843-e470-819d-14cb-a6440dc387e8,53fbc62c-2bb8-4b1b-c952-7dda99c2e5ad,https://i.dummyjson.com/data/products/94/1.webp
52a90c70-3ab2-ad95-1862-540906775a25,53fbc62c-2bb8-4b1b-c952-7dda99c2e5ad,https://i.dummyjson.com/data/products/94/2.jpg
97d183f9-a9b0-08b2-9716-b9b994524089,53fbc62c-2bb8-4b1b-c952-7dda99c2e5ad,https://i.dummyjson.com/data/products/94/3.jpg
cc5e6328-e906-efa7-459c-c145ac645978,53fbc62c-2bb8-4b1b-c952-7dda99c2e5ad,https://i.dummyjson.com/data/products/94/thumbnail.webp
9634cde6-e547-4471-c684-e4d6460ce4fb,d6dd684a-3dd4-b923-dd77-3bb3d1547a87,https://i.dummyjson.com/data/products/95/1.jpg
c09d0558-2234-efc2-a87b-3e2561ef5aac,d6dd684a-3dd4-b923-dd77-3bb3d1547a87,https://i.dummyjson.com/data/products/95/2.jpg
3709c2ae-17bb-9819-72c1-4220c185a423,d6dd684a-3dd4-b923-dd77-3bb3d1547a87,https://i.dummyjson.com/data/products/95/3.jpg
221b1b49-f2ea-ef11-23eb-6d0b7156b44c,d6dd684a-3dd4-b923-dd77-3bb3d1547a87,https://i.dummyjson.com/data/products/95/4.jpg
1124f664-8241-9c52-f7fa-f789f6cf4223,d6dd684a-3dd4-b923-dd77-3bb3d1547a87,https://i.dummyjson.com/data/products/95/thumbnail.jpg
db4d08b1-c13f-0523-06f7-9eee6ac15b20,5beb4dd6-1fe9-7675-a75b-8f2b3c0d5611,https://i.dummyjson.com/data/products/96/1.jpg
86716675-9d1b-9701-db27-cc0275277ff4,5beb4dd6-1fe9-7675-a75b-8f2b3c0d5611,https://i.dummyjson.com/data/products/96/2.jpg
75576488-f32b-356e-a18b-ff34d9c9f73e,5beb4dd6-1fe9-7675-a75b-8f2b3c0d5611,https://i.dummyjson.com/data/products/96/3.jpg
bf3533f6-9961-cd3d-f967-71dbbe2e9d07,5beb4dd6-1fe9-7675-a75b-8f2b3c0d5611,https://i.dummyjson.com/data/products/96/4.jpg
9fedd36a-09a6-fe9f-6cbd-cbe1bf4afd95,5beb4dd6-1fe9-7675-a75b-8f2b3c0d5611,https://i.dummyjson.com/data/products/96/thumbnail.jpg
8a527b6b-0d8f-1101-9cbc-a6226bebc4cd,9ceec637-f2e9-59c8-2c4e-3f0feba6a9a7,https://i.dummyjson.com/data/products/97/1.jpg
1f1bc6dd-0db9-abd4-e6a4-366db6adfcb8,9ceec637-f2e9-59c8-2c4e-3f0feba6a9a7,https://i.dummyjson.com/data/products/97/2.jpg
eb38082b-0108-6422-9b63-606127d52ade,9ceec637-f2e9-59c8-2c4e-3f0feba6a9a7,https://i.dummyjson.com/data/products/97/3.jpg
990d3e35-b72c-5307-2cbc-b3a3af2c547d,9ceec637-f2e9-59c8-2c4e-3f0feba6a9a7,https://i.dummyjson.com/data/products/97/4.webp
202a6db8-8996-adb8-44f8-05380bfeb307,9ceec637-f2e9-59c8-2c4e-3f0feba6a9a7,https://i.dummyjson.com/data/products/97/thumbnail.jpg
6fc12c60-d294-acfb-e35e-fdc47220d142,622a69f2-567e-eac0-396d-d729fed8f498,https://i.dummyjson.com/data/products/98/1.jpg
bdd11525-82d5-280e-2964-c9fff0ab9430,622a69f2-567e-eac0-396d-d729fed8f498,https://i.dummyjson.com/data/products/98/2.jpg
0417942a-a7fa-996c-350a-443f685be3b4,622a69f2-567e-eac0-396d-d729fed8f498,https://i.dummyjson.com/data/products/98/3.jpg
144a827b-a3a0-cb1f-a305-41376263180b,622a69f2-567e-eac0-396d-d729fed8f498,https://i.dummyjson.com/data/products/98/4.jpg
9dfe3593-cc64-81f3-27ee-891f4c7d0f96,622a69f2-567e-eac0-396d-d729fed8f498,https://i.dummyjson.com/data/products/98/thumbnail.jpg
2da09782-8dbb-ad5a-e158-00335324f6dc,ad4a4682-74aa-9c81-41a2-f12830f7d4b0,https://i.dummyjson.com/data/products/99/1.jpg
8aa784fb-547f-372a-a65f-a4260dd8bb46,ad4a4682-74aa-9c81-41a2-f12830f7d4b0,https://i.dummyjson.com/data/products/99/2.jpg
435a5012-6061-2fd8-dc7b-49d3c73364ab,ad4a4682-74aa-9c81-41a2-f12830f7d4b0,https://i.dummyjson.com/data/products/99/3.jpg
d96e0063-fedf-45d9-c93f-f0df412fb8c6,ad4a4682-74aa-9c81-41a2-f12830f7d4b0,https://i.dummyjson.com/data/products/99/4.jpg
d6a2ca10-c23c-cbea-573e-2deee1b5441c,ad4a4682-74aa-9c81-41a2-f12830f7d4b0,https://i.dummyjson.com/data/products/99/thumbnail.jpg
965f5c5b-5d54-ffb1-70d0-1336bae97033,94416b93-7f2d-5d33-2a07-961b7b99a6ad,https://i.dummyjson.com/data/products/100/1.jpg
cb90bd06-407c-b822-de1d-a184cdf00863,94416b93-7f2d-5d33-2a07-961b7b99a6ad,https://i.dummyjson.com/data/products/100/2.jpg
fa8c0d8c-d275-41a7-4967-fe947e8366cb,94416b93-7f2d-5d33-2a07-961b7b99a6ad,https://i.dummyjson.com/data/products/100/3.jpg
1917c9d7-207a-5542-c6a3-46e7c6be6837,94416b93-7f2d-5d33-2a07-961b7b99a6ad,https://i.dummyjson.com/data/products/100/thumbnail.jpg
